Skill Name,Skill Level,Skill Number,Skill Type,Skill Description,Skill Category,Active,Test Scores,Level,Level Number (from Level),Test Scores 2,Skill DB Number,Video URL,Coaching Notes,Belt Required
3 Rules Memorized,1,,Basics,"Do not use equipment until you have instructions, Coaches only ask once, work hard to reach your greatest potential.",,,,Level 1,1,,1,,,
Safe Diving Locations 1,1,,Basics,"No diving in lakes, rivers, canals. Anywhere you can't see the bottom.",,,,Level 1,1,,2,,,
General Diving Safety 1,1,,Basics,"Swimming routes in diving well, no running on deck, no horseplay",,,,Level 1,1,,3,,,
Straight Position,1,,Basics,"Thumblock, ribs in, butt in, legs straight, toes pointed",,,,Level 1,1,,4,https://vimeo.com/1149920685?share=copy&fl=sv&fe=ci,"Skill Description

The Straight Position with Arms Overhead is a static, fully extended body position is used in diving skills during takeoff flight phases, and entries. It emphasizes body control, body alignment, and muscle engagement.

Foundational Position used in: jumps, lineups, takeoffs, entries, and flight phases of straight dives (ex: 101A, 201A).

Develops body awareness – especially for posture and line control in air and water.

Builds kinesthetic awareness and balance when performed on tiptoe or with pointed toes.

Prerequisites

None

Basic Instruction

Stand Tall: Feet together, body upright.

Arms Overhead: Interlock thumbs, fingers straight and tight, elbows fully extended.

Head Neutral: Ears squeezed by upper arms.

Core Tight: Pull belly in toward the spine.

Back Flat: Avoid arching or rounding the lower back.

Glutes Engaged: Squeeze buttocks gently to support posture.

Legs Straight: Knees locked, no bend.

Toes Pointed or on Tiptoes

Ground Practice Tips

Can be practiced in front of a mirror for alignment feedback.

Use a yoga mat, balance beam, or edge of a foam mat for tiptoe control.

Add ankle weights or resistance bands (lightly) for strength development in static holds.

Also great to combine with handstand drills and lineups.

Common Mistakes and Corrections
Mistake	Description	Coaching Correction
Elbows Bent	Reduces the visual line and body tension	Cue “Squeeze the elbows straight” or “Press arms tall through the ceiling.”
Thumbs Not Interlocked	Breaks symmetry and weakens shoulder line	Manually correct hand position and explain why it matters for control.
Head Poking Forward	Disrupts alignment and body line	Cue “Chin tucked” or “Ears between biceps.”
Back Arching (Lumbar)	Indicates lack of core control or shoulder tightness	Cue “Pull ribs down” or “Flatten the back like you’re pressing into a wall.”
Loose Core / Soft Belly	Reduces rigidity and leads to bend in air	Cue “Belly button to spine” and “Tight like a plank.”
Bent Knees	Shows poor control or mobility	Cue “Squeeze quads,” “Lift kneecaps.”
Flat Feet / Sloppy Point	Doesn’t simulate real toe point or takeoff control	Cue “Stretch the toes” or practice in ballet toe stretch position.
Coaching Tips

Visual Feedback: Use mirrors or side-by-side video with model posture.

Tactile Cues: Lightly press on stomach, glutes, or knees to reinforce tension.

Wall Drill: Have diver back up against a wall and hold straight position. Heels slightly off, butt, upper back, and arms in contact.

Timer Drill: Hold for 30s–1min to build posture endurance.

Integrate into Warm-Up: Use as part of dryland lineups, entry drills, or between sets.",
Tuck Position,1,,Basics,"Seated, knees to shoulders, heels in butt, head between knees",,,,Level 1,1,,5,,"Skill Description

The tuck position is a compact, round shape used to generate and control rotation during dives. It involves bending at the hips and knees, pulling the legs close to the torso, and holding the shins with both arms. The diver creates a small, tight ball with engaged muscles and excellent posture alignment.

Purpose and Importance for Divers

Essential for tuck somersaulting dives (e.g., 105C, 203C, 403C).

Tighter tucks allow for faster rotation due to reduced body radius.

Prerequisites

Skill	Description
Hip Flexibility	Ability to compress thighs toward chest without rounding the spine.
Core Strength	Sufficient abdominal control to hold tight posture.
Arm Strength	Biceps and shoulders must hold shins firmly.
Pointed Toes	Active ankle extension
Head Control	Must maintain neutral head, not tucked or looking down.
Basic Instruction

Start Position (Standing, Seated, or Supine):

Back straight, arms at sides.

Initiate Tuck:

Bend knees and hips simultaneously.

Pull thighs toward shoulders (not face).

Keep knees slightly apart, not squeezing head.

Grab Shins:

Reach around legs and hold below the knees.

Elbows close to body, shoulders rounded slightly forward.

Engage Muscles:

Pull with arms (biceps) and squeeze core and hip flexors.

Keep feet close to the butt, with pointed toes.

Head Position:

Chin in neutral position, eyes looking over knees.

No tucking of the chin into the chest.

Ground Practice Options

Seated Tuck:

Sit tall on a mat, lift feet off floor, tuck legs in, hold shins.

Focus on posture and muscle activation.

Tuck Hold on Back:

Lay on back, lift legs and upper body, hold tuck in air.

Builds abdominal strength and alignment.

Tuck Rock Drill:

Rock gently forward and back on rounded spine in tuck to simulate somersault motion.

Common Mistakes and Corrections
Mistake	Description	Coaching Correction
Knees Pulled to Face/Head	Breaks the line and risks poor balance or spine curvature	Cue: “Knees to shoulders, not nose” or “Open the knees just a little.”
Chin Tucked Too Far	Restricts breathing and throws off balance	Cue: “Look over the knees” or “Chin level, not jammed.”
Loose Core or Arms	Reduces tightness of rotation and posture control	Cue: “Squeeze the belly in,” “Pull with your arms like a crunch.”
Flat Feet or Unpointed Toes	Affects aesthetics and alignment	Cue: “Point your toes like a ballerina” or do seated toe-point drills.
Arms Grabbing Too Low or High	Causes elbow flare or poor shape	Cue: “Hands just below knees,” physically adjust grip.
Back Too Rounded or Arched	Poor spine position, may limit control in air	Cue: “Curve like a ball,” or “Feel even pressure on both sit bones and shoulders.”
Coaching Tips

Visual Modeling: Show ideal tuck from side and front angles.

Partner Feedback: Have divers hold position while partner gently checks tension in arms, toes, and belly.

Timed Holds: Use 10–30s holds to build endurance and discipline.

Integrate into Dryland Circuits: Pair with jump-tuck drills, v-ups, or handstand tucks.",
Pike Position,1,,Basics,"Legs straight, toes pointed, stretch down to legs",,,,Level 1,1,,6,,"Skill Description

The pike position involves folding the body sharply at the hips with straight legs and pointed toes, forming a tight ""V"" or “sandwich” shape. The torso presses down toward the thighs with arms extended forward over the legs. The pike is used in dive takeoffs, somersaults (e.g., 105B, 205B), dryland drills, and flexibility training.

Purpose and Importance for Divers

Used in pike somersault dives, lineups, and entries.

Improves flexibility, especially in hamstrings, lower back, and hips.

Trains core compression, essential for rotation speed and body control.

Promotes aesthetic body lines and dive quality in the air.

Helps teach postural discipline and proper movement folding from the hips, not the back.

Prerequisites
Skill	Description
Hamstring Flexibility	Allows legs to stay straight while folding forward.
Hip Compression Strength	Enables tight bend at the waist while engaging core.
Core Control	Keeps chest low to thighs with abs active.
Shoulder Mobility	Reaching arms forward without rounding upper back.
Pointed Toes	Required for correct air posture and clean line.


Basic Instruction

Start Position:

Sit, stand, or lie on your back with legs extended, feet together, and toes pointed.

Fold at the Hips:

Hinge at the waist (not the upper back).

Pull the upper body down toward the thighs.

Legs Straight:

Lock the knees and keep them together.

Feet fully pointed, ankles extended.

Arms Extended:

Reach forward with straight arms.

Hands stretch over the toes, fingers reaching for soles of feet.

Head Position:

Bring head close to knees and shins, neck relaxed but aligned.

Muscle Engagement:

Pull actively using abdominals and hip flexors.

Avoid passive stretch; think of “compressing” rather than “reaching.”

Ground Practice Options
Drill Type	Description
Seated Pike	Sit with legs straight, fold forward actively, reach over toes. Most common stretch and drill position.
Standing Pike	Stand tall, bend at hips, reach for toes without bending knees. Great for hamstring flexibility.
Back Pike Hold	Lay on back, lift legs to vertical, lift torso toward legs in a tight pike. Excellent for abdominal strength.
Wall Pike Stretch	Sit with back to wall, legs out straight, press shoulders and back flat to wall while reaching forward. Reinforces posture and alignment.


Common Mistakes and Corrections
Mistake	Description	Coaching Correction
Bent Knees	Loss of line and reduces effective compression	Cue: “Lock your knees and press them to the floor,” or gently tap knees as reminder
Rounded Upper Back	Improper hinge point, reduces aesthetics and core control	Cue: “Fold from the hips, not the chest,” or “Flat back, then reach”
Passive Arms	Hands stop short of feet or flop down	Cue: “Reach through the fingertips” or “Pull like you're grabbing your toes”
Unpointed Toes	Reduces overall form and flow of the dive	Cue: “Stretch your ankles like ballet feet” or use theraband toe drills
Loose Core	Results in floppy position, reduces air control	Cue: “Squeeze your abs,” or place hand gently on belly and have diver engage the muscles

Coaching Tips

Use mirrors or video for self-correction in seated pike holds.

Combine with dynamic compression drills, like pike v-ups and wall pike snap-downs.

Instruct divers to think of it as compressing a spring, not stretching passively.

Include timed pike holds in dryland circuits (15–45 seconds) to build strength and flexibility.

Apply during kickout training from somersaults—tight pikes snap open cleanly.",
Form Point 1: Pointed Toes,1,,Basics,"Ankles, straight, toes curled, feet together ",,,,Level 1,1,,7,,,
Form Point 2: Straight Legs,1,,Basics,Lock the knees,,,,Level 1,1,,8,,,
Form Point 3: Straight Elbows,1,,Basics,Lock the elbows,,,,Level 1,1,,9,,,
Form Point 4a: Diver Hands - Thumblock,1,,Basics,"Fingers together, hands straight, thumbs locked",,,,Level 1,1,,10,,,
Form Point 4b: Diver Hands - Approach,1,,Basics,"Fingers together, hands straight, thumbs in against index finger",,,,Level 1,1,,11,,,
Form Point 4c: Diver Hands - Hand Grab,1,,Basics,"Bottom hand flat, top hand fingers and thumb grab flat hand",,,,Level 1,1,,12,,,
Hollow position,1,,Basics,"Ribs in, belly button into spine, front hip bones pull up (Black hole) ",,,,Level 1,1,,13,,,
Forward Twist Arm Drop,1,,Basics,"Arms start up in thumb walk, drop one arm directly in front of body, finished with palm forward at side of leg",,,,Level 1,1,,14,,,
Feet First entry Position (Soldier),1,,Basics,Straight body (soldier position) feet flat for foot rip,,,,Level 1,1,,15,,,
Headstand,1,,Basics,"5 seconds, hands in tripod",,,,Level 1,1,,16,,,
Armstand with support,1,,Basics,Kick up to wall & hold armstand on wall 5 Seconds,,,,Level 1,1,,17,,,
Back Armstand with support,1,,Basics,Walk feet up wall & hold armstand on wall 5 Seconds,,,,Level 1,1,,18,,,
Forward Glide,1,,Basics,Glide on surface in hollow entry position,,,,Level 1,1,,19,,,
Back Glide,1,,Basics,Glide on surface on back in back entry position,,,,Level 1,1,,20,,,
Squat,1,,Conditioning,,,,,Level 1,1,,21,,,
Wall sit,1,,Conditioning,,,,,Level 1,1,,22,,,
Single knee lifts,1,,Conditioning,,,,,Level 1,1,,23,,,
Double knee lifts,1,,Conditioning,,,,,Level 1,1,,24,,,
Crunches,1,,Conditioning,,,,,Level 1,1,,25,,,
Push-ups,1,,Conditioning,,,,,Level 1,1,,26,,,
Kneeling Arm Circles,1,,Conditioning,,,,,Level 1,1,,27,,,
Standing Calf Stretch,1,,Flexibility,,,,,Level 1,1,,28,,,
Overhead Shoulder Stretch,1,,Flexibility,,,,,Level 1,1,,29,,,
Cat-Cow Stretch,1,,Flexibility,,,,,Level 1,1,,30,,,
Seat Drop,1,,Trampoline,"Land on butt with legs straight, elbows bent and toes pointed",,,,Level 1,1,,31,,,
Knee Drop,1,,Trampoline,Land on knees with legs straight and toes pointed,,,,Level 1,1,,32,,,
Standing Front Jump Straight,1,100A,Trampoline,Straight body alignment,,,,Level 1,1,,33,,,
Standing Back jump Straight,1,200A,Trampoline,Straight body alignment,,,,Level 1,1,,34,,,
Front Jump 1/2 Twist Straight,1,5101A,Trampoline,"Thumb lock, drop arm, palm forward",,,,Level 1,1,,35,,,
Standing Front Jump Straight,1,100A,Dryboard,"Up to toes, sink to squat, then jump, arm circle",,,,Level 1,1,,36,,,
Standing Back jump Straight,1,200A,Dryboard,"Backward start w 1/2 foot off the board, up to toes, sink to squat then jump, no arm swing",,,,Level 1,1,,37,,,
Front Jump 1/2 Twist Straight,1,5101A,Dryboard,"Straight start, drop 1 arm, 180 degree turn with spots ",,,,Level 1,1,,38,,,
Seat Drop,1,,Dryboard,"Straight jump, land on butt in open pike with legs straight and toes pointed",,,,Level 1,1,,39,,,
Standing front jump straight,1,100A,Platform,"No Arm Circle, straight body position, good form, hold position",,,,Level 1,1,,40,,,
Standing back jump straight,1,200A,Platform,"No Arm Circle, straight body position, good form, hold position",,,,Level 1,1,,41,,,
Forward Line up Straight,1,001A,Platform,"Hollow body position, good form, hold position",,,,Level 1,1,,42,,,
Front Jump 1/2 Twist Straight,1,5101A,Platform,"Drop one arm, maintain straight position, palm forward",,,,Level 1,1,,43,,,
Standing Front Jump Straight,1,100A,1m Springboard,"Straight body, hold position, good form points",,,,Level 1,1,,44,,,
Standing Back jump Straight,1,200A,1m Springboard,"Straight body, hold position, good form points",,,,Level 1,1,,45,,,
Forward Line up Straight,1,001A,1m Springboard,"Round hollow position, flat hands, hold position, straight to bottom",,,,Level 1,1,,46,,,
Front Jump 1/2 Twist Straight,1,5101A,1m Springboard,"Straight body, drop arm, palm forward",,,,Level 1,1,,47,,,
Kneeling lineups from side of pool,1,,Bonus,,,,,Level 1,1,,48,,,
Standing lineup from side of pool,1,,Bonus,,,,,Level 1,1,,49,,,
Icicles / Pencils,1,,Bonus,Freeze in aerial position until body is completely under water,,,,Level 1,1,,50,,,
Double bounce w no Armcircle,1,,Bonus,Bounce from center of waffles to end of board then into the landing pit.,,,,Level 1,1,,51,,,
Mat slide,1,,Games,"Lay on mat on belly, hand grab and straight arms overhead",,,,Level 1,1,,52,,,
Forward dryboard rocking,1,,Bonus,Stand on end of board and gently rock with feet on board,,,,Level 1,1,,53,,,
Standing 100A from squat position,1,,Bonus,"Hips rolled under, arms overhead, no arm swing",,,,Level 1,1,,54,,,
Touch bottom at 6 feet,1,,Bonus,,,,,Level 1,1,,55,,,
Canon ball,1,,Bonus,"Tight  tuck, land on butt, big splash",,,,Level 1,1,,56,,,
Flex Curl Point,1,,Bonus,Toepoint exercise,,,,Level 1,1,,57,,,
Supine lift,1,,Bonus,"Lift by feet, shake, alternate letting go right foot, then left foot",,,,Level 1,1,,58,,,
Prone lift,1,,Bonus,"Lift by feet, shake, alternate letting go right foot, then left foot",,,,Level 1,1,,59,,,
Toss the Sammy,1,,Games,,,,,Level 1,1,,60,,,
Big Splash / Cannonball contest,1,,Games,,,,,Level 1,1,,61,,,
Safe Diving Locations 2,2,,Basics,"Pools with no lifeguard, no diving in above ground pools, baby pools, beach, docks, canal",,,,Level 2,2,,62,,,
General Diving Safety 2,2,,Basics,"Following instructions, diving progressions, flat hands, save directions ",,,,Level 2,2,,63,,,
Tuck position pick-up,2,,Basics,Diver rolls back in tuck position & coach picks up diver by heels,,,,Level 2,2,,64,,,
Back Entry Position,2,,Basics,"Head up, Arms over ears, hands flat shoulders stretched up and back, body flat, legs straight",,,,Level 2,2,,65,,,
Arm Drop Backward for Back Twisters,2,,Basics,"Body straight with arms up in thumblock, drops directly in front of shoulder, palm turns forward, arm stops just behind body with palm forward",,,,Level 2,2,,66,,,
Forward rolls,2,,Basics,"Grab shins in roll, tuck jump between somersault rolls",,,,Level 2,2,,67,,,
Backward rolls,2,,Basics,Tuck jump between somersault rolls,,,,Level 2,2,,68,,,
Seated lateral close to hand grab,2,,Basics,"Thumbs up, shoulders relaxed, lateral close, neutral head, flat hand",,,,Level 2,2,,69,,,
Tuck-Kick-look-reach,2,,Basics,Hold for 5 seconds,,,,Level 2,2,,70,,,
Arm swing / Arm circle,2,,Basics,"Arm path, arm position with straight elbows and diver hands",,,,Level 2,2,,71,,,
Armstand,2,,Basics,Kick up to wall & hold armstand on wall 10 Seconds,,,,Level 2,2,,72,,,
Back Armstand,2,,Basics,Walk feet up wall & hold armstand on wall 10 Seconds,,,,Level 2,2,,73,,,
Continuous straight jumps,2,,Basics,"Across floor, arms overhead, tight core",,,,Level 2,2,,74,,,
Cow cat,2,,Conditioning,,,,,Level 2,2,,75,,,
Double-leg pelvic lifts,2,,Conditioning,,,,,Level 2,2,,76,,,
Plank shoulder taps,2,,Conditioning,,,,,Level 2,2,,77,,,
Lunges,2,,Conditioning,,,,,Level 2,2,,78,,,
Jump from squat position,2,,Basics,"Arms overhead, hips rolled under",,,,Level 2,2,,79,,,
Supine Straight Single leg lifts,2,,Conditioning,,,,,Level 2,2,,80,,,
Sit-ups,2,,Conditioning,,,,,Level 2,2,,81,,,
Quad Stretch,2,,Flexibility,,,,,Level 2,2,,82,,,
Chest Opener Stretch,2,,Flexibility,,,,,Level 2,2,,83,,,
Child's Pose,2,,Flexibility,,,,,Level 2,2,,84,,,
Toe crackers,2,,Basics,Stretch toes on mat,,,,Level 2,2,,85,,,
Hands & Knees,2,,Trampoline,"Table position, doggie, all fours, flat back",,,,Level 2,2,,86,,,
Belly Drop,2,,Trampoline,"Knees bent, elbows out, chin up",,,,Level 2,2,,87,,,
Standing Front Jump Tuck,2,100C,Trampoline,"Straight body position, bend legs jump to straight position hold position with good form",,,,Level 2,2,,88,,,
Standing Back Jump Tuck,2,200C,Trampoline,"Straight body position, bend legs jump to straight position hold position with good form",,,,Level 2,2,,89,,,
Back Jump 1/2 Twist Straight,2,5201A,Trampoline,"Thumb lock, drop arm, palm forward",,,,Level 2,2,,90,,,
Standing Front Jump Tuck,2,100C,Dryboard,"Standing, tight tuck, finish to feet with straight body",,,,Level 2,2,,91,,,
Standing Back Jump Tuck,2,200C,Dryboard,"Straight body position, bend legs jump to straight position hold position with good form",,,,Level 2,2,,92,,,
Back Jump 1/2 Twist Straight,2,5201D,Dryboard,"Straight body position, bend legs jump to straight position hold position with good form",,,,Level 2,2,,93,,,
Standing Front Jump Tuck,2,100C,1m Platform,"Arm Circle, straight body position, good form, hold position",,,,Level 2,2,,94,,,
Standing Back Jump Tuck,2,200C,1m Platform,"Arm Circle, straight body position, good form, hold position",,,,Level 2,2,,95,,,
Forward Line up Tuck,2,001C,1m Platform,"Squat in tuck with arms over ears, hands flat, hollow entry to bottom",,,,Level 2,2,,96,,,
Back Lineup Straight,2,002A,1m Platform,"Stand backward, back entry position, fall back, entry to bottom (coach spot)",,,,Level 2,2,,97,,,
Back Jump 1/2 Twist Straight,2,5201D,1m Platform,"1/2 foot on platform, thumb lock, drop arm, palm forward, spots",,,,Level 2,2,,98,,,
Standing Front Jump Tuck,2,100C,1m Springboard,"Arm Circle, straight body position, good form, hold position",,,,Level 2,2,,99,,,
Standing Back Jump Tuck,2,200C,1m Springboard,"Arm Circle, straight body position, good form, hold position",,,,Level 2,2,,100,,,
Forward Lineup Tuck,2,001C,1m Springboard,"Squat in tuck with arms over ears, hands flat, hollow entry to bottom",,,,Level 2,2,,101,,,
Back Lineup Straight,2,002A,1m Springboard,"Stand backward, back entry position, fall back, entry to bottom (coach spot)",,,,Level 2,2,,102,,,
Back Jump 1/2 Twist Straight,2,5201D,1m Springboard,"1/2 foot on springboard, thumb lock, drop arm, palm forward, spots",,,,Level 2,2,,103,,,
Floppy Feet,2,,Dryboard,"From end of board, slightly bounce high enough to point toes",,,,Level 2,2,,104,,,
Tuck jump,2,,Trampoline,"Grab legs, finish to straight body line",,,,Level 2,2,,105,,,
Pike jump,2,,Trampoline,Touch toes; finish to straight body line,,,,Level 2,2,,106,,,
Consecutive jumps,2,,Trampoline,"3-5 in belt, with arm swing",,,,Level 2,2,,107,,,
Double-bouncing tuck jumps,2,,Trampoline,In belt; finish each jump with straight body position,,,,Level 2,2,,108,,,
Back mat slide,2,002A,1m Platform,"Slide backward into water from mat on back, hand grab and straight arms overhead with toe point",,,,Level 2,2,,109,,,
Open tuck jump,2,,Trampoline,Jump straight up and finish to feet,,,,Level 2,2,,110,,,
Open pike jump,2,,Trampoline,Jump straight up and finish to feet,,,,Level 2,2,,111,,,
Jump to touch belt,2,,Trampoline,Jump for height,,,,Level 2,2,,112,,,
Touch bottom at 8 feet,2,,Pool,,,,,Level 2,2,,113,,,
Candlesticks,2,,Basics,"Start in tuck on toes, rollback and kick legs up to the ceiling, balance and shoulders, put hands on thighs",,,,Level 2,2,,114,,,
Forward running Platform start,2,,Platform,,,,,Level 2,2,,115,,,
Back standing Platform start,2,,Platform,,,,,Level 2,2,,116,,,
Reverse standing Platform start,2,,Platform,,,,,Level 2,2,,117,,,
Inward Standing Platform start,2,,Platform,,,,,Level 2,2,,118,,,
Roll Med ball on shins for Maya Fascia release,2,,Platform,Toe point exercise,,,,Level 2,2,,119,,,
Handstand hold,2,,Trampoline,Straight body position in belt or coach spot,,,,Level 2,2,,120,,,
Standing front jump straight to seat drop,2,100A,Dryboard,Finish to seat drop with palms on mat for support,,,,Level 2,2,,121,,,
Standing front jump tuck to seat drop,2,100C,Dryboard,Finish to seat drop with palms on mat for support,,,,Level 2,2,,122,,,
Standing back jump straight to seat drop,2,200A,Dryboard,Finish to feet with straight body,,,,Level 2,2,,123,,,
Standing back jump tuck to seat drop,2,200C,Dryboard,Finish to feet with straight body,,,,Level 2,2,,124,,,
Rock Paper Scissors,2,,Games,,,,,Level 2,2,,125,,,
Animal Game,2,,Games,,,,,Level 2,2,,126,,,
Safe Diving Locations 3,3,,Basics,"Competitive depth, safe diving boards, platform safety ",,,,Level 3,3,,127,,,
General Diving Safety 3,3,,Basics,"Safe Sport, no bullying, locker room safety, digital safety",,,,Level 3,3,,128,,,
Know all diving numbers,3,,Basics,Identify all of the Diving numbers on the Diving DD sheet.,,,,Level 3,3,,129,,,
Tricep,3,,Basics,"One-step hurdle to low box, legs straight on contact",,,,Level 3,3,,130,,,
Armstand pop-up,3,,Basics,Forward & back rolls to armstand with spot; 5 second hold,,,,Level 3,3,,131,,,
Lateral arm close,3,,Basics,"Seated and standing, tight core",,,,Level 3,3,,132,,,
Pike-open-close-swim-pike save,3,,Basics,From standing pike position; draw one leg up for pike save,,,,Level 3,3,,133,,,
Kneeling double-arm swing,3,,Basics,"Hips rolled under, tight core, no shoulder movement",,,,Level 3,3,,134,,,
Roll out of armstand,3,,Basics,"Fall with spot and straight body alignment, coach spot",,,,Level 3,3,,135,,,
Armstand,3,,Basics,Kick up to wall & hold armstand on wall 15 Seconds,,,,Level 3,3,,136,,,
Back Armstand,3,,Basics,Walk feet up wall & hold armstand on wall 15 Seconds,,,,Level 3,3,,137,,,
Double leg lifts,3,,Conditioning,,,,,Level 3,3,,138,,,
Reverse plank hold,3,,Conditioning,,,,,Level 3,3,,139,,,
Toe touches,3,,Conditioning,,,,,Level 3,3,,140,,,
Oblique crunches,3,,Conditioning,,,,,Level 3,3,,141,,,
Tricep dips,3,,Conditioning,,,,,Level 3,3,,142,,,
Lunge switch,3,,Conditioning,,,,,Level 3,3,,143,,,
Butterfly Stretch,3,,Flexibility,,,,,Level 3,3,,144,,,
Cross-Body Shoulder Stretch,3,,Flexibility,,,,,Level 3,3,,145,,,
Cobra Stretch,3,,Flexibility,,,,,Level 3,3,,146,,,
Standing Front Jump Pike,3,100B,Trampoline,"Up to toes, sink circle jump, touch toes in pike, return to straight position, land on feet",,,,Level 3,3,,147,,,
Standing Back Jump Pike,3,200B,Trampoline,"Up to toes, sink circle jump, touch toes in pike, return to straight position, land on feet",,,,Level 3,3,,148,,,
Inward jump,3,400A,Trampoline,"With arm press, slight inward tilt, magic throw",,,,Level 3,3,,149,,,
Reverse jump,3,300A,Trampoline,"Standing, with arm press, slight reverse tilt, overlap extension",,,,Level 3,3,,150,,,
Back Fall straight,3,,Trampoline,"Up to toes, fall back, straight body",,,,Level 3,3,,151,,,
Two-bounce jump,3,,Trampoline,Stay in center of trampoline and finish to straight body line,,,,Level 3,3,,152,,,
Standing Front Jump Pike,3,100B,Dryboard,"Arms overhead thumblock, jump to pike, land arms up, no knee bend",,,,Level 3,3,,153,,,
Standing Back Jump Pike,3,200B,Dryboard,"Arms overhead thumblock, jump to pike, land arms up, no knee bend",,,,Level 3,3,,154,,,
Inward jump,3,400A,Dryboard,"With arm press, slight inward tilt, magic throw",,,,Level 3,3,,155,,,
Reverse jump,3,300A,Dryboard,"Standing, with arm press, slight reverse tilt, overlap extension",,,,Level 3,3,,156,,,
Back Fall straight,3,,Dryboard,"Up to toes, fall back, straight body",,,,Level 3,3,,157,,,
Two-bounce jump,3,,Dryboard,Stay in center of trampoline and finish to straight body line,,,,Level 3,3,,158,,,
Standing Front Jump Pike,3,100B,1m Platform,"Arms overhead thumblock, jump to pike, land arms up, no knee bend",,,,Level 3,3,,159,,,
Standing Back Jump Pike,3,200B,1m Platform,"Arms overhead thumblock, jump to pike, land arms up, no knee bend",,,,Level 3,3,,160,,,
Forward Line up Pike,3,001B,1m Platform,"Bend to deep pike, hands grabbed, deep dive, save near bottom of pool  ",,,,Level 3,3,,161,,,
Back Line up Straight,3,002A,1m Platform,"Hands grabbed flat, stretch back with shoulders, dive deep, dolphin near bottom",,,,Level 3,3,,162,,,
Armstand fall,3,,Basics,"Fall with spot and straight body alignment, coach spot",,,,Level 3,3,,163,,,
Back Fall straight,3,,Basics,"Up to toes, fall back, straight body",,,,Level 3,3,,164,,,
Standing Front Jump Pike,3,100B,1m Springboard,"Arms overhead thumblock, jump to pike, land arms up, no knee bend",,,,Level 3,3,,165,,,
Standing Back Jump Pike,3,200B,1m Springboard,"Arms overhead thumblock, jump to pike, land arms up, no knee bend",,,,Level 3,3,,166,,,
Forward Line up Pike,3,001B,1m Springboard,"Bend to deep pike, hands grabbed, deep dive, save near bottom of pool  ",,,,Level 3,3,,167,,,
Back Line up Straight,3,002A,1m Springboard,"Hands grabbed flat, stretch back with shoulders, dive deep, dolphin near bottom",,,,Level 3,3,,168,,,
Back Line up Tuck,3,002C,1m Springboard,"Roll off from butt, line up straight, hands on thighs, sailor dive ",,,,Level 3,3,,169,,,
Standing Front Jump Straight,3,100A,3m Springboard,"Straight body, hold position, good form points",,,,Level 3,3,,170,,,
Standing Back jump Straight,3,200A,3m Springboard,"Straight body, hold position, good form points",,,,Level 3,3,,171,,,
Forward Line up Straight,3,001A,3m Springboard,"Round hollow position, flat hands, hold position, straight to bottom",,,,Level 3,3,,172,,,
Front Jump 1/2 Twist Straight,3,5101A,3m Springboard,"Straight body, drop arm, palm forward",,,,Level 3,3,,173,,,
Rolloff watermelons,3,,1m Springboard,Sit on the end of board in a tuck position go backwards stay in tuck position,,,,Level 3,3,,174,,,
Two Hop jump,3,100A,1m Platform,Hop to end then jump in pool,,,,Level 3,3,,175,,,
Inward Jump,3,400A,1m Platform,"1M, no arm swing, enter water with slight inward tilt",,,,Level 3,3,,176,,,
Reverse jump,3,300A,1m Platform,"1M, no arm swing, enter water with slight reverse tilt",,,,Level 3,3,,177,,,
Inward Jump,3,400A,1m Platform,"1M,with magic throw, enter water with slight inward tilt",,,,Level 3,3,,178,,,
Reverse jump,3,300A,1m Platform,"1M, with arm swing, enter water with slight reverse tilt",,,,Level 3,3,,179,,,
One-step hurdle to hanging bar,3,,Basics,Straight arms and hold stretch position on bar,,,,Level 3,3,,180,,,
Touch bottom at 8 feet,3,,Pool,Touch bottom with feet,,,,Level 3,3,,181,,,
Lemon drop,3,,Pool,Back drop butt first in pike position from bulkhead,,,,Level 3,3,,182,,,
Tear drop,3,,Pool,Reverse drop butt first in pike position from bulkhead,,,,Level 3,3,,183,,,
One step hurdle straight,3,100A,Dryboard,"One-step hurdle, finish to feet with straight body",,,,Level 3,3,,184,,,
One step hurdle pike,3,100B,Dryboard,"One-step hurdle, finish to feet with straight body",,,,Level 3,3,,185,,,
One step hurdle tuck,3,100C,Dryboard,"One-step hurdle, finish to feet with straight body",,,,Level 3,3,,186,,,
Full approach straight,3,100A,Dryboard,"Full approach, finish to feet with straight body",,,,Level 3,3,,187,,,
Full approach pike,3,100B,Dryboard,"One-step hurdle, finish to feet with straight body",,,,Level 3,3,,188,,,
Full approach tuck,3,100C,Dryboard,"One-step hurdle, finish to feet with straight body",,,,Level 3,3,,189,,,
Single jump to back drop,3,,Trampoline,"Straight legs and body, land with arms in T position",,,,Level 3,3,,190,,,
Single jump to stomach drop,3,,Trampoline,"Straight legs and body, land with arms in T position",,,,Level 3,3,,191,,,
Single jump with half twist,3,,Trampoline,,,,,Level 3,3,,192,,,
Single jump full twist,3,,Trampoline,,,,,Level 3,3,,193,,,
Triple jump with arm swing,3,,Trampoline,"Stay in center of trampoline, finish to straight body line",,,,Level 3,3,,194,,,
Hurdle jumps,3,,Trampoline,"Lift hurdle knee with each jump, foot back in hurdle",,,,Level 3,3,,195,,,
One-step hurdle straight,3,,Trampoline,Finish to straight body line in middle of trampoline,,,,Level 3,3,,196,,,
One-step hurdle tuck,3,100 C,Trampoline,With one-step hurdle; finish in middle of trampoline,,,,Level 3,3,,197,,,
One-step hurdle pike,3,100 B,Trampoline,With one-step hurdle; finish in middle of trampoline,,,,Level 3,3,,198,,,
Back Line up Tuck,3,002C,1m Platform,"Roll off from butt, line up straight, hands on thighs, sailor dive ",,,,Level 3,3,,199,,,
Back Drop Straight,3,,Trampoline,if coach russ is talkin your not walkin,,,,Level 3,3,,200,,,
Hurdle position against wall,4,,Basics,"Back and arms against wall, thigh 90°, foot pointed and back by knee",,,,Level 4,4,,201,,,
Standing Front Jump no Armcircle,4,,Basics,"Raise to toes, sink, stand and jump use ankle and toes",,,,Level 4,4,,202,,,
Standing Front Jump w Armcircle,4,,Basics,"Sink, turn palms out, large circle arm path, stand and jump ",,,,Level 4,4,,203,,,
H Step no Armcircle (Flamingo),4,,Basics,"Flamingo stand in center of waffles, PUSH to end of board, jump to blue (carpet board)",,,,Level 4,4,,204,,,
H Step with Armcircle (Flamingo),4,,Basics,"Flamingo stand in center of waffles, PUSH to end of board, armcircle, jump to blue (carpet board)",,,,Level 4,4,,205,,,
One Step hurdle no Armcircle,4,,Basics,"Step, hurdle (flamingo), jump, land in blue",,,,Level 4,4,,206,,,
One Step hurdle with Armcircle,4,,Basics,"Step, hurdle (flamingo), land, armcircle, jump, land in blue",,,,Level 4,4,,207,,,
Full Approach no armcircle,4,,Basics,"4 steps (hold arms up for whole approach), hurdle, land to end on board, jump, land in blue",,,,Level 4,4,,208,,,
Full approach with armcircle,4,,Basics,"4 steps, hurdle, land, armcircle, jump, land to end of  board, land in blue",,,,Level 4,4,,209,,,
Inward heel kick,4,,Basics,Quick ankle snap and pop heels (foot) into mat,,,,Level 4,4,,210,,,
Back jump w armcircle,4,,Basics,"Stand straight in releve w thumblock, bend knees, circle jump",,,,Level 4,4,,211,,,
Back jump w Oscillations and arm circle,4,,Basics,"Stand straight in releve w thumblock, two oscillations, bend knees, circle, jump",,,,Level 4,4,,212,,,
Armstand,4,,Basics,Kick up & hold armstand 5 Seconds,,,,Level 4,4,,213,,,
Back Armstand,4,,Basics,Kick up/cartwheel backwards & hold armstand 5 Seconds,,,,Level 4,4,,214,,,
Flutter kicks,4,,Conditioning,,,,,Level 4,4,,215,,,
Leg scissors,4,,Conditioning,,,,,Level 4,4,,216,,,
Penguins,4,,Conditioning,,,,,Level 4,4,,217,,,
Diamond push-ups,4,,Conditioning,,,,,Level 4,4,,218,,,
Squat,4,,Conditioning,,,,,Level 4,4,,219,,,
Lateral bounds,4,,Conditioning,,,,,Level 4,4,,220,,,
Single-leg pelvic lifts,4,,Conditioning,,,,,Level 4,4,,221,,,
Hip Flexor Stretch (Runner's Lunge),4,,Flexibility,,,,,Level 4,4,,222,,,
Triceps Stretch,4,,Flexibility,,,,,Level 4,4,,223,,,
Seated Spinal Twist,4,,Flexibility,,,,,Level 4,4,,224,,,
Standing Front Jump no Armcircle,4,100A,Trampoline,"Raise to toes, sink, stand and jump use ankle and toes",,,,Level 4,4,,225,,,
Standing Front Jump w Armcircle,4,,Trampoline,"Sink, turn palms out, large circle arm path, stand and jump ",,,,Level 4,4,,226,,,
H Step no Armcircle,4,,Trampoline,"Flamingo stand in center of waffles, PUSH to end of board, jump to blue (carpet board)",,,,Level 4,4,,227,,,
H Step with Armcircle,4,,Trampoline,"Flamingo stand in center of waffles, PUSH to end of board, armcircle, jump to blue (carpet board)",,,,Level 4,4,,228,,,
One Step hurdle no Armcircle,4,,Trampoline,"Step, hurdle, jump, land in blue",,,,Level 4,4,,229,,,
One Step hurdle with Armcircle,4,,Trampoline,"Step, hurdle, land, armcircle, jump, land in blue",,,,Level 4,4,,230,,,
Back jump w armcircle,4,,Trampoline,"Stand straight in releve w thumblock, bend knees, circle jump",,,,Level 4,4,,231,,,
Back jump w Oscillations and arm circle,4,,Trampoline,"Stand straight in releve w thumblock, two oscillations, bend knees, circle, jump",,,,Level 4,4,,232,,,
Forward drop tuck,4,,Trampoline,"Standing, tuck position, landing on belly",,,,Level 4,4,,233,,,
Back drop,4,,Trampoline,Landing on back in open pike position,,,,Level 4,4,,234,,,
Reverse drop,4,,Trampoline,"Standing, landing on back in open pike position",,,,Level 4,4,,235,,,
Inward drop,4,,Trampoline,"Standing, tuck position, landing on belly",,,,Level 4,4,,236,,,
Forward Dive Tuck,4,101C,Trampoline in Belt,"In belt, double bounce, to handstand",,,,Level 4,4,,237,,,
Forward 1 Somersault Tuck,4,102C,Trampoline in Belt,"In belt or coach spot, double bounce",,,,Level 4,4,,238,,,
Back Dive Tuck,4,201C,Trampoline in Belt,"In belt, double bounce, to handstand",,,,Level 4,4,,239,,,
Reverse Dive Tuck,4,301C,Trampoline in Belt,"In belt, double bounce, to handstand",,,,Level 4,4,,240,,,
Inward Dive Tuck,4,401C,Trampoline in Belt,"In belt, double bounce, to handstand",,,,Level 4,4,,241,,,
Standing Front Jump no Armcircle,4,,Dryboard,"Raise to toes, sink, stand and jump use ankle and toes",,,,Level 4,4,,242,,,
Standing Front Jump w Armcircle,4,,Dryboard,"Sink, turn palms out, large circle arm path, stand and jump ",,,,Level 4,4,,243,,,
H Step no Armcircle,4,,Dryboard,"Flamingo stand in center of waffles, PUSH to end of board, jump to blue (carpet board)",,,,Level 4,4,,244,,,
H Step with Armcircle,4,,Dryboard,"Flamingo stand in center of waffles, PUSH to end of board, armcircle, jump to blue (carpet board)",,,,Level 4,4,,245,,,
One Step hurdle no Armcircle,4,,Dryboard,"Step, hurdle, jump, land in blue",,,,Level 4,4,,246,,,
One Step hurdle with Armcircle,4,,Dryboard,"Step, hurdle, land, armcircle, jump, land in blue",,,,Level 4,4,,247,,,
Full Approach no armcircle,4,,Dryboard,"4 steps (hold arms up for whole approach), hurdle, land to end on board, jump, land in blue",,,,Level 4,4,,248,,,
Full approach with armcircle,4,,Dryboard,"4 steps, hurdle, land, armcircle, jump, land to end of  board, land in blue",,,,Level 4,4,,249,,,
Back jump w armcircle,4,,Dryboard,"Stand straight in releve w thumblock, bend knees, circle jump",,,,Level 4,4,,250,,,
Back jump w Oscillations and arm circle,4,,Dryboard,"Stand straight in releve w thumblock, two Oscillations, bend knees, circle, jump",,,,Level 4,4,,251,,,
Forward drop tuck,4,,Dryboard,"Standing, tuck position, landing on belly",,,,Level 4,4,,252,,,
Back drop,4,,Dryboard,Landing on back in open pike position,,,,Level 4,4,,253,,,
Reverse drop,4,,Dryboard,"Standing, landing on back in open pike position",,,,Level 4,4,,254,,,
Inward drop,4,,Dryboard,"Standing, tuck position, landing on belly",,,,Level 4,4,,255,,,
Forward Dive Tuck,4,101C,Dryboard in Belt,"In belt, double bounce, to handstand",,,,Level 4,4,,256,,,
Forward 1 Somersault Tuck,4,102C,Dryboard in Belt,"In belt or coach spot, double bounce",,,,Level 4,4,,257,,,
Back Dive Tuck,4,201C,Dryboard in Belt,"In belt, double bounce, to handstand",,,,Level 4,4,,258,,,
Reverse Dive Tuck,4,301C,Dryboard in Belt,"In belt, double bounce, to handstand",,,,Level 4,4,,259,,,
Inward Dive Tuck,4,401C,Dryboard in Belt,"In belt, double bounce, to handstand",,,,Level 4,4,,260,,,
Forward Dive Tuck,4,101C,1m Platform,Hand spot from coach,,,,Level 4,4,,261,,,
Forward Dive Pike,4,101B,1m Platform,Hand spot from coach,,,,Level 4,4,,262,,,
Back Dive Tuck,4,201C,1m Platform,Hand spot from coach,,,,Level 4,4,,263,,,
Reverse Dive Tuck,4,301C,1m Platform,Hand spot from coach,,,,Level 4,4,,264,,,
Inward Dive Tuck,4,401C,1m Platform,Hand spot from coach,,,,Level 4,4,,265,,,
Forward Dive Tuck,4,101C,1m Springboard,"Full approach, correct tuck, correct line up position, correct entry ",,,,Level 4,4,,266,,,
Forward 1 Somersault Tuck,4,102C,1m Springboard,"Full approach, correct tuck, correct line up position, correct entry",,,,Level 4,4,,267,,,
Back Dive Tuck,4,201C,1m Springboard,"Full back press, correct tuck, correct line up position, correct entry",,,,Level 4,4,,268,,,
Reverse Dive Tuck,4,301C,1m Springboard,"Full approach, correct tuck, correct line up position, correct entry",,,,Level 4,4,,269,,,
Inward Dive Tuck,4,401C,1m Springboard,"Full back press, correct tuck, correct line up position, correct entry",,,,Level 4,4,,270,,,
Standing Front Jump Tuck,4,100C,3m Springboard,"Arm Circle, straight body position, good form, hold position",,,,Level 4,4,,271,,,
Standing Back Jump Tuck,4,200C,3m Springboard,"Arm Circle, straight body position, good form, hold position",,,,Level 4,4,,272,,,
Forward Line up Tuck,4,001C,3m Springboard,"Squat in tuck with arms over ears, hands flat, hollow entry to bottom",,,,Level 4,4,,273,,,
Back Lineup Straight,4,002A,3m Springboard,"Stand backward, back entry position, fall back, entry to bottom (coach spot)",,,,Level 4,4,,274,,,
Back Jump 1/2 Twist Straight,4,5201D,3m Springboard,"1/2 foot on board, thumb lock, drop arm, palm forward, spots",,,,Level 4,4,,275,,,
Standing Forward dive,4,101,1m Platform,"1M, from squat position, arms overhead",,,,Level 4,4,,276,,,
Standing Forward dive,4,101,1m Platform,"1M, from open pike, hand grab, arms overhead",,,,Level 4,4,,277,,,
Standing Forward dive,4,101,1m Platform,"1M, from hollow position",,,,Level 4,4,,278,,,
Rolloff tuck,4,001C,3m Springboard,"Sit in tuck on end of 3M, roll off into line up.",,,,Level 4,4,,279,,,
Rolloff pike,4,001B,3m Springboard,"Sit in pike on end of 3M, roll off into line up.",,,,Level 4,4,,280,,,
4 square hurdle in dryland,4,001B,3m Springboard,1- stand feet together. 2- step to square 2. 3- flamingo in square 2. 4- PUSH (one leg hop) to square 3. 4- land with both feet in square 4.,,,,Level 4,4,,281,,,
One-step hurdle to hanging bar,4,,Basics,Straight arms and hold stretch position on bar,,,,Level 4,4,,282,,,
Two-bounce jump A,4,,Dryboard,"Straight body line, bend knees on landing",,,,Level 4,4,,283,,,
Two-bounce jump B,4,,Dryboard,"Straight body line, bend knees on landing",,,,Level 4,4,,284,,,
Two-bounce jump C,4,,Dryboard,"Straight body line, bend knees on landing",,,,Level 4,4,,285,,,
Kick-look-look-reach,4,,Conditioning,Flat kick with 2 action kick out,,,,Level 4,4,,286,,,
Running front jump straight,4,100A,1m Platform,"1M, running jump up off platform; straight body position",,,,Level 4,4,,287,,,
Hurdle step-up,4,,Basics,"One-step hurdle to low box, legs straight on contact",,,,Level 4,4,,288,,,
Twist position pick-up,4,,Basics,Diver in D position and coach picks up diver by heels,,,,Level 4,4,,289,,,
5111A,4,,Trampoline in Belt,"In belt, double bounce",,,,Level 4,4,,290,,,
5211A to armstand,4,,Trampoline in Belt,"In belt, double bounce",,,,Level 4,4,,291,,,
Back somersault tuck,4,202C,Trampoline in Belt,"In belt or coach spot, double bounce",,,,Level 4,4,,292,,,
Inward somersault tuck,4,402C,Trampoline in Belt,"In belt or coach spot, double bounce",,,,Level 4,4,,293,,,
Back drop pike,4,201B,Dryboard,Landing on back in open pike position,,,,Level 4,4,,294,,,
Reverse drop pike,4,301B,Dryboard,"Standing, landing on back in open pike position",,,,Level 4,4,,295,,,
Inward drop pike,4,401B,Dryboard,"Standing, pike position, landing on belly",,,,Level 4,4,,296,,,
Drill 1: Step-down,5,,Basics,"Straight position hands up parallel arms me up in flamingo, step down, feet together, hands touch in TP touch.",,,,Level 5,5,,297,,,
Drill 2: 6 Part Hurdle,5,,Basics,Lunge (hop) - h Position - Stepdown/Teepee touch - Sink - Armcircle - Stand to toes,,,,Level 5,5,,298,,,
Drill 3: Forward Connection,5,,Basics,straight - magic - throw - 90 - 10 pull,,,,Level 5,5,,299,,,
Drill 4: Forward/Inward Line-up,5,,Basics,Pike touch - lateral set - up - lateral close,,,,Level 5,5,,300,,,
Drill 5: Twisting,5,,Basics,Drop - Wrap - Semi for square - T dig - T hollow -Hollow grab,,,,Level 5,5,,301,,,
Drill 6: Back/Reverse Take-off,5,,Basics,Sink - Circle - Overlap/extension,,,,Level 5,5,,302,,,
Drill 7: Back/Reverse Kick out,5,,Basics,Tuck - Kick - Look - Look - Reach,,,,Level 5,5,,303,,,
Drill 8: Inward Connection,5,,Basics,Circle - Sink - Magic - Throw,,,,Level 5,5,,304,,,
Armstand split-leg hold,5,,Basics,"Hand spot, use wall or bench for control, see chapter 2",,,,Level 5,5,,305,,,
Armstand tuck & pike hold,5,,Basics,"Hand spot, use wall or bench for control, see chapter 2",,,,Level 5,5,,306,,,
Armstand pop-ups,5,,Basics,"From armstand, pop up and finish to feet",,,,Level 5,5,,307,,,
Hanging C position,5,,Basics,"Arms next to ears, open hips to C position, chin on chest",,,,Level 5,5,,308,,,
Armstand,5,,Basics,Kick up & hold armstand 10 Seconds,,,,Level 5,5,,309,,,
Back Armstand,5,,Basics,Kick up/cartwheel backwards & hold armstand 10 Seconds,,,,Level 5,5,,310,,,
Russian twists,5,,Conditioning,,,,,Level 5,5,,311,,,
Reverse crunches,5,,Conditioning,,,,,Level 5,5,,312,,,
Tuck ups,5,,Conditioning,,,,,Level 5,5,,313,,,
Bicycle crunches,5,,Conditioning,,,,,Level 5,5,,314,,,
Plank shoulder shrugs,5,,Conditioning,,,,,Level 5,5,,315,,,
Rail lifts,5,,Conditioning,,,,,Level 5,5,,316,,,
Tuck jumps,5,,Conditioning,,,,,Level 5,5,,317,,,
Lunges with rotation,5,,Conditioning,,,,,Level 5,5,,318,,,
Kneeling Toe Stretch,5,,Flexibility,,,,,Level 5,5,,319,,,
Doorway Pec Stretch,5,,Flexibility,,,,,Level 5,5,,320,,,
Bridge Pose,5,,Flexibility,,,,,Level 5,5,,321,,,
Forward Dive Pike,5,101B,Trampoline in Belt,,,,,Level 5,5,,322,,,
Forward 1 Somersault Pike,5,102B,Trampoline in Belt,,,,,Level 5,5,,323,,,
Back Dive Pike,5,201B,Trampoline in Belt,,,,,Level 5,5,,324,,,
Reverse Dive Pike,5,301B,Trampoline in Belt,,,,,Level 5,5,,325,,,
Inward Dive Pike,5,401B,Trampoline in Belt,,,,,Level 5,5,,326,,,
Forward Dive Pike,5,101B,Dryboard in Belt,"Full approach, correct pike, correct line up, correct entry  ",,,,Level 5,5,,327,,,
Forward 1 Somersault Pike,5,102B,Dryboard in Belt,"Full approach, correct pike, correct line up, correct entry  ",,,,Level 5,5,,328,,,
Back Dive Pike,5,201B,Dryboard in Belt,"Full back press, correct pike, correct line up, correct entry  ",,,,Level 5,5,,329,,,
Reverse Dive Pike,5,301B,Dryboard in Belt,"Full approach, correct pike, correct line up, correct entry  ",,,,Level 5,5,,330,,,
Inward Dive Pike,5,401B,Dryboard in Belt,"Full back press, correct pike, correct line up, correct entry  ",,,,Level 5,5,,331,,,
Forward Dive Pike,5,101B,1m Platform,Full approach,,,,Level 5,5,,332,,,
Forward Somersault tuck,5,102C,1m Platform in Belt,"Standing, coach spot, then with full approach",,,,Level 5,5,,333,,,
Forward Somersault pike,5,102B,1m Platform in Belt,"Standing, coach spot, then with full approach",,,,Level 5,5,,334,,,
Back Somersault tuck,5,202C,1m Platform in Belt,"Standing, coach spot, then with full platform back press",,,,Level 5,5,,335,,,
Inward  Dive pike,5,401B,1m Platform in Belt,"Standing, coach spot, then with full platform inward takeoff",,,,Level 5,5,,336,,,
Forward Dive Pike,5,101B,1m Springboard,"Full approach, correct pike, correct line up, correct entry  ",,,,Level 5,5,,337,,,
Forward 1 Somersault Pike,5,102B,1m Springboard,"Full approach, correct pike, correct line up, correct entry  ",,,,Level 5,5,,338,,,
Back Dive Pike,5,201B,1m Springboard,"Full back press, correct pike, correct line up, correct entry  ",,,,Level 5,5,,339,,,
Reverse Dive Pike,5,301B,1m Springboard,"Full approach, correct pike, correct line up, correct entry  ",,,,Level 5,5,,340,,,
Inward Dive Pike,5,401B,1m Springboard,"Full back press, correct pike, correct line up, correct entry  ",,,,Level 5,5,,341,,,
Front Jump Pike,5,100B,3m Springboard,"Arms overhead thumblock, jump to pike, land arms up, no knee bend",,,,Level 5,5,,342,,,
Back Jump Pike,5,200B,3m Springboard,"Arms overhead thumblock, jump to pike, land arms up, no knee bend",,,,Level 5,5,,343,,,
Forward Line up Pike,5,001B,3m Springboard,"Bend to deep pike, hands grabbed, deep dive, save near bottom of pool  ",,,,Level 5,5,,344,,,
Back Line up Straight,5,002A,3m Springboard,"Hands grabbed flat, stretch back with shoulders, dive deep, dolphin near bottom",,,,Level 5,5,,345,,,
Back Line up Tuck,5,002C,3m Springboard,"Roll off tuck from butt, line up straight, stretch back with shoulders, dive deep, dolphin near bottom",,,,Level 5,5,,346,,,
Three-bounce front jump straight,5,100A,Trampoline,Stay in center of trampoline and finish to straight body line,,,,Level 5,5,,347,,,
Three-bounce front jump pike,5,100B,Trampoline,Stay in center of trampoline and finish to straight body line,,,,Level 5,5,,348,,,
Three-bounce front jump tuck,5,100C,Trampoline,Stay in center of trampoline and finish to straight body line,,,,Level 5,5,,349,,,
Barrel roll,5,,Basics,Straight tight body line with hands in twist position,,,,Level 5,5,,350,,,
Swivel hips,5,,Trampoline,Arms overhead and body straight off mat before twisting,,,,Level 5,5,,351,,,
Full twisting backdrop,5,,Trampoline,"Show proficiency in belt, then out of belt with coach spot",,,,Level 5,5,,352,,,
Drop punch jump,5,,Basics,"Drop from bar, punch jump to elevated mat",,,,Level 5,5,,353,,,
102C to seat drop,5,102C,Dryboard,Standing; use hands for landing; spot from coach,,,,Level 5,5,,354,,,
Hanging hurdle,5,,Basics,One-step hurdle to hanging bar,,,,Level 5,5,,355,,,
Drop punch jump,5,,Basics,"Arms  up, drop from box, punch jump to elevated mat",,,,Level 5,5,,356,,,
Drop punch somersault,5,,Basics,"Arms up, drop from box, punch somersault to seat drop on mat",,,,Level 5,5,,357,,,
Back somersault tuck,5,202C,Dryboard in Belt,In belt,,,,Level 5,5,,358,,,
Reverse somersault tuck,5,302C,Dryboard in Belt,In belt,,,,Level 5,5,,359,,,
Inward somersault tuck,5,402C,Dryboard in Belt,In belt,,,,Level 5,5,,360,,,
forward somersault tuck,5,102C,Trampoline in Belt,"In belt, out of belt, coach spot, finish to feet & seat drop",,,,Level 5,5,,361,,,
Forward somersault pike,5,102B,Trampoline in Belt,"In belt, out of belt, coach spot, finish to feet & seat drop",,,,Level 5,5,,362,,,
Back somersault tuck,5,202C,Trampoline in Belt,"In belt, then out of belt, coach spot, finish to feet",,,,Level 5,5,,363,,,
Back somersault pike,5,202B,Trampoline in Belt,"In belt, then out of belt, coach spot, finish to feet",,,,Level 5,5,,364,,,
Forward armstand fall to flat back,6,,Basics,Off mat to mat of same height,,,,Level 6,6,,365,,,
Forward armstand fall to seat drop,6,,Basics,Off elevated mat to lower mat,,,,Level 6,6,,366,,,
Back armstand to abdomen,6,,Basics,Off mat to mat of equal height,,,,Level 6,6,,367,,,
Platform backward press drills,6,,Basics,See chapter 3,,,,Level 6,6,,368,,,
Armstand,6,,Basics,Kick up & hold armstand 15 Seconds,,,,Level 6,6,,369,,,
Back Armstand,6,,Basics,Kick up/cartwheel backwards & hold armstand 15 Seconds,,,,Level 6,6,,370,,,
Visualization,6,,Basics,"Visualize the entire dive, position by position for each dive",,,,Level 6,6,,371,,,
2 Mechanics,6,,Basics,Focus on the two mechanics that will make you successful in that dive or skill,,,,Level 6,6,,372,,,
Clear,6,,Basics,"Clear out all thought, go to happy place or visualize single flame in a black room",,,,Level 6,6,,373,,,
Hollow hold,6,,Conditioning,,,,,Level 6,6,,374,,,
Levers,6,,Conditioning,,,,,Level 6,6,,375,,,
Barrel rolls,6,,Conditioning,,,,,Level 6,6,,376,,,
A-frame push-ups,6,,Conditioning,,,,,Level 6,6,,377,,,
Chin-ups,6,,Conditioning,,,,,Level 6,6,,378,,,
Split squat jumps,6,,Conditioning,,,,,Level 6,6,,379,,,
Single-leg jump,6,,Conditioning,,,,,Level 6,6,,380,,,
Leg curls,6,,Conditioning,,,,,Level 6,6,,381,,,
Hurdlers stretch,6,,Flexibility,,,,,Level 6,6,,382,,,
Neck Side Stretch,6,,Flexibility,,,,,Level 6,6,,383,,,
Supine Twist,6,,Flexibility,,,,,Level 6,6,,384,,,
Forward 1 1/2 somersaults tuck,6,103C,Trampoline in Belt,"In belt, pike out, finish to armstand",,,,Level 6,6,,385,,,
Back Somersault Tuck,6,202C,Trampoline in Belt,"In belt, finish to feet, soldier position",,,,Level 6,6,,386,,,
Reverse Somersault Tuck,6,302C,Trampoline in Belt,"In belt, finish to feet, soldier position",,,,Level 6,6,,387,,,
Inward Somersault Tuck,6,402C,Trampoline in Belt,"In belt, finish to feet, soldier position",,,,Level 6,6,,388,,,
Back Somersault Pike,6,202B,Trampoline in Belt,"In belt, finish to feet, soldier position",,,,Level 6,6,,389,,,
Forward 1 1/2 somersaults tuck,6,103C,Dryboard in Belt,In belt; double bouncing; finish to armstand,,,,Level 6,6,,390,,,
Back Somersault Tuck,6,202C,Dryboard in Belt,"In belt, finish to feet, soldier position",,,,Level 6,6,,391,,,
Reverse Somersault Tuck,6,302C,Dryboard in Belt,"In belt, finish to feet, soldier position",,,,Level 6,6,,392,,,
Inward Somersault Tuck,6,402C,Dryboard in Belt,"In belt, finish to feet, soldier position",,,,Level 6,6,,393,,,
Back Somersault Pike,6,202B,Dryboard in Belt,"In belt, finish to feet, soldier position",,,,Level 6,6,,394,,,
Reverse Somersault,6,302C,1m Platform,"Overlap extension, tight tuck, finish with straight body",,,,Level 6,6,,395,,,
Inward Somersault,6,402C,1m Platform,"Torso up high, tight tuck, finish with straight body ",,,,Level 6,6,,396,,,
Forward Armstand Fall in,6,611A,1m Platform,Kick to handstand hold 5 sec,,,,Level 6,6,,397,,,
Back Armstand Fall in,6,621A,1m Platform,Kick to handstand hold 5 sec,,,,Level 6,6,,398,,,
Forward 1 1/2 Somersault Tuck,6,103C,1m Springboard,"Correct approach, takeoff, aerial and entry",,,,Level 6,6,,399,,,
Back Somersault Tuck,6,202C,1m Springboard,"Correct back press, takeoff, aerial and entry",,,,Level 6,6,,400,,,
Reverse Somersault Tuck,6,302C,1m Springboard,"Correct approach, takeoff, aerial and entry",,,,Level 6,6,,401,,,
Inward Somersault Tuck,6,402C,1m Springboard,"Correct back press, takeoff, aerial and entry",,,,Level 6,6,,402,,,
Back Somersault Pike,6,202B,1m Springboard,"Correct back press, takeoff, aerial and entry",,,,Level 6,6,,403,,,
Forward Dive Tuck,6,101C,3m Springboard,"Correct approach, takeoff, aerial and entry",,,,Level 6,6,,404,,,
Back Dive Tuck,6,201C,3m Springboard,"Correct back press, takeoff, aerial and entry",,,,Level 6,6,,405,,,
Reverse Dive Tuck,6,301C,3m Springboard,"Correct approach, takeoff, aerial and entry",,,,Level 6,6,,406,,,
Inward Dive Tuck,6,401C,3m Springboard,"Correct back press, takeoff, aerial and entry",,,,Level 6,6,,407,,,
Forward Somersault,7,102C,Basics,Hand spot from coach from elevated mat if necessary,,,,Level 7,7,,408,,,
Back Somersault,7,202C,Basics,Hand spot from coach from elevated mat if necessary,,,,Level 7,7,,409,,,
Reverse Somersault,7,302C,Basics,Hand spot from coach from elevated mat if necessary,,,,Level 7,7,,410,,,
Inward Somersault,7,402C,Basics,Hand spot from coach from elevated mat if necessary,,,,Level 7,7,,411,,,
Running forward somersault tuck,7,102C,Basics,Running and finish to seat drop onto elevated mat,,,,Level 7,7,,412,,,
Armstand,7,600,Basics,Kick up & hold armstand 15 Seconds,,,,Level 7,7,,413,,,
Back Armstand,7,600,Basics,Kick up/cartwheel backwards & hold armstand 15 Seconds,,,,Level 7,7,,414,,,
Pike ups,7,,Conditioning,,,,,Level 7,7,,415,,,
Candlesticks,7,,Conditioning,,,,,Level 7,7,,416,,,
Partner throw downs,7,,Conditioning,,,,,Level 7,7,,417,,,
Armstand shrugs,7,,Conditioning,,,,,Level 7,7,,418,,,
Armstand shrugs (backward),7,,Conditioning,,,,,Level 7,7,,419,,,
Power skips,7,,Conditioning,,,,,Level 7,7,,420,,,
Broad jumps,7,,Conditioning,,,,,Level 7,7,,421,,,
Leg extensions,7,,Conditioning,,,,,Level 7,7,,422,,,
Side Lunge Stretch,7,,Flexibility,,,,,Level 7,7,,423,,,
Thread the Needle,7,,Flexibility,,,,,Level 7,7,,424,,,
Knee-to-Chest Stretch,7,,Flexibility,,,,,Level 7,7,,425,,,
Forward 1 1/2 Somersaults Pike,7,103B,Trampoline in Belt,In belt; coach spot,,,,Level 7,7,,426,,,
Back Somersault Straight,7,202A,Trampoline in Belt,"In belt; then out out of belt, coach spot",,,,Level 7,7,,427,,,
Reverse Somersault Pike,7,302B,Trampoline in Belt,"In belt; then out out of belt, coach spot",,,,Level 7,7,,428,,,
Forward 1 Somersault 1 Twist Free,7,5122D,Trampoline in Belt,"In belt; then out out of belt, coach spot",,,,Level 7,7,,429,,,
Back Somersault 1/2 Twist Free,7,5221D,Trampoline in Belt,"In belt; then out out of belt, coach spot",,,,Level 7,7,,430,,,
Forward 1 1/2 Somersaults Pike,7,103B,Dryboard in Belt,In belt; coach spot,,,,Level 7,7,,431,,,
Back Somersault Straight,7,202A,Dryboard in Belt,"In belt; then out out of belt, coach spot",,,,Level 7,7,,432,,,
Reverse Somersault Pike,7,302B,Dryboard in Belt,"In belt; then out out of belt, coach spot",,,,Level 7,7,,433,,,
Forward 1 Somersault 1 Twist Free,7,5122D,Dryboard in Belt,"In belt; then out out of belt, coach spot",,,,Level 7,7,,434,,,
Back Somersault 1/2 Twist Free,7,5221D,Dryboard in Belt,"In belt; then out out of belt, coach spot",,,,Level 7,7,,435,,,
Forward 1 1/2 Somersaults Pike,7,103B,1m Springboard,"Correct approach, takeoff, aerial and entry",,,,Level 7,7,,436,,,
Back Somersault Straight,7,202A,1m Springboard,"Correct back press, takeoff, aerial and entry",,,,Level 7,7,,437,,,
Reverse Somersault Pike,7,302B,1m Springboard,"Correct approach, takeoff, aerial and entry",,,,Level 7,7,,438,,,
Forward 1 Somersault 1 Twist Free,7,5122D,1m Springboard,"Correct approach, takeoff, aerial and entry",,,,Level 7,7,,439,,,
Back Somersault 1/2 Twist Free,7,5221D,1m Springboard,"Correct back press, takeoff, aerial and entry (no arm drop)",,,,Level 7,7,,440,,,
Forward Dive Pike,7,101B,3m Springboard,"Correct approach, takeoff, aerial and entry",,,,Level 7,7,,441,,,
Back Dive Pike,7,201B,3m Springboard,"Correct back press, takeoff, aerial and entry",,,,Level 7,7,,442,,,
Reverse Dive Pike,7,301B,3m Springboard,"Correct approach, takeoff, aerial and entry",,,,Level 7,7,,443,,,
Inward Dive Pike,7,401B,3m Springboard,"Correct back press, takeoff, aerial and entry",,,,Level 7,7,,444,,,
Forward somersault pike,8,102B,Basics,Running to seat drop on mat,,,,Level 8,8,,445,,,
Back armstand 1/2 twist to back,8,6211A,Basics,From mat to mat of equal height,,,,Level 8,8,,446,,,
Back armstand 1/2 twist to seat,8,6211A,Basics,"From elevated mat to lower mat, finish to seat drop",,,,Level 8,8,,447,,,
Armstand hold,8,600,Basics,15 seconds,,,,Level 8,8,,448,,,
Hollow rocks,8,,Conditioning,,,,,Level 8,8,,449,,,
Crunches,8,,Conditioning,,,,,Level 8,8,,450,,,
Russian twists,8,,Conditioning,,,,,Level 8,8,,451,,,
Dive bomber push-ups,8,,Conditioning,,,,,Level 8,8,,452,,,
Wrist curls,8,,Conditioning,,,,,Level 8,8,,453,,,
Squat with weight,8,,Conditioning,,,,,Level 8,8,,454,,,
Pistol squats,8,,Conditioning,,,,,Level 8,8,,455,,,
IT Band Stretch,8,,Flexibility,,,,,Level 8,8,,456,,,
Lat Stretch on Wall,8,,Flexibility,,,,,Level 8,8,,457,,,
Camel Pose,8,,Flexibility,,,,,Level 8,8,,458,,,
Forward 2 Somersaults Tuck,8,104C,Trampoline in Belt,"In belt; then out out of belt, coach spot",,,,Level 8,8,,459,,,
Back 1 1/2 Somersaults Tuck,8,203C,Trampoline in Belt,In belt; finish to armstand,,,,Level 8,8,,460,,,
Reverse Somersault Straight,8,302A,Trampoline in Belt,"In belt; then out out of belt, coach spot",,,,Level 8,8,,461,,,
Back Somersault 1 1/2 Twists Straight,8,5223D,Trampoline in Belt,"In belt; then out out of belt, coach spot",,,,Level 8,8,,462,,,
Inward 1 1/2 Somersaults Tuck,8,403C,Trampoline in Belt,In belt; finish to armstand,,,,Level 8,8,,463,,,
Forward 1 Somersault 2 Twists,8,5124D,Trampoline in Belt,"In belt; then out out of belt, coach spot",,,,Level 8,8,,464,,,
Reverse 1 1/2 Somersaults Tuck,8,303C,Trampoline in Belt,In belt; finish to armstand,,,,Level 8,8,,465,,,
Reverse 1 Somersault 1 1/2 Twists,8,5323D,Trampoline in Belt,"In belt; then out out of belt, coach spot",,,,Level 8,8,,466,,,
Forward 2 Somersaults Tuck,8,104C,Dryboard in Belt,"In belt; then out out of belt, coach spot",,,,Level 8,8,,467,,,
Back 1 1/2 Somersaults Tuck,8,203C,Dryboard in Belt,In belt; finish to armstand,,,,Level 8,8,,468,,,
Reverse Somersault Straight,8,302A,Dryboard in Belt,"In belt; then out out of belt, coach spot",,,,Level 8,8,,469,,,
Back Somersault 1 1/2 Twists Straight,8,5223D,Dryboard in Belt,"In belt; then out out of belt, coach spot",,,,Level 8,8,,470,,,
Inward 1 1/2 Somersaults Tuck,8,403C,Dryboard in Belt,In belt; finish to armstand,,,,Level 8,8,,471,,,
Forward 1 Somersault 2 Twists,8,5124D,Dryboard in Belt,"In belt; then out out of belt, coach spot",,,,Level 8,8,,472,,,
Reverse 1 1/2 Somersaults Tuck,8,303C,Dryboard in Belt,In belt; finish to armstand,,,,Level 8,8,,473,,,
Reverse 1 Somersault 1 1/2 Twists,8,5323D,Dryboard in Belt,"In belt; then out out of belt, coach spot",,,,Level 8,8,,474,,,
Forward 2 Somersaults Tuck,8,104C,1m Springboard,"Correct approach, takeoff, aerial and entry",,,,Level 8,8,,475,,,
Back 1 1/2 Somersaults Tuck,8,203C,1m Springboard,"Correct back press, takeoff, aerial and entry",,,,Level 8,8,,476,,,
Reverse Somersault Straight,8,302A,1m Springboard,"Correct approach, takeoff, aerial and entry",,,,Level 8,8,,477,,,
Back Somersault 1 1/2 Twists Straight,8,5223D,1m Springboard,"Correct back press, takeoff, aerial and entry",,,,Level 8,8,,478,,,
Inward 1 1/2 Somersaults Tuck,8,403C,1m Springboard,"Correct back press, takeoff, aerial and entry",,,,Level 8,8,,479,,,
Forward 1 Somersault 2 Twists,8,5124D,1m Springboard,"Correct approach, takeoff, aerial and entry",,,,Level 8,8,,480,,,
Reverse 1 1/2 Somersaults Tuck,8,303C,1m Springboard,"Correct approach, takeoff, aerial and entry",,,,Level 8,8,,481,,,
Reverse 1 Somersault 1 1/2 Twists,8,5323D,1m Springboard,"Correct approach, takeoff, aerial and entry",,,,Level 8,8,,482,,,
Forward 1 1/2 Somersault Tuck,8,103C,3m Springboard,"Correct approach, takeoff, aerial and entry",,,,Level 8,8,,483,,,
Back Somersault Tuck,8,202C,3m Springboard,"Correct back press, takeoff, aerial and entry",,,,Level 8,8,,484,,,
Reverse Somersault Tuck,8,302C,3m Springboard,"Correct approach, takeoff, aerial and entry",,,,Level 8,8,,485,,,
Back Somersault Pike,8,202B,3m Springboard,"Correct back press, takeoff, aerial and entry",,,,Level 8,8,,486,,,
Inward Somersault Tuck,8,402C,3m Springboard,"Correct back press, takeoff, aerial and entry",,,,Level 8,8,,487,,,
Forward Somersault,9,,Basics,"On landing mat, bend knees on landing",,,,Level 9,9,,488,,,
Back Somersault,9,,Basics,"On landing mat, bend knees on landing",,,,Level 9,9,,489,,,
Reverse Somersault,9,,Basics,"On landing mat, bend knees on landing",,,,Level 9,9,,490,,,
Inward Somersault,9,,Basics,"On landing mat, bend knees on landing",,,,Level 9,9,,491,,,
Inverted pike ups (Thera Ball),9,,Conditioning,,,,,Level 9,9,,492,,,
Hanging tuck ups,9,,Conditioning,,,,,Level 9,9,,493,,,
L sits,9,,Conditioning,,,,,Level 9,9,,494,,,
Handstand hold,9,,Conditioning,,,,,Level 9,9,,495,,,
Tricep dips,9,,Conditioning,,,,,Level 9,9,,496,,,
Single leg box jumps,9,,Conditioning,,,,,Level 9,9,,497,,,
Plyometrics with body weight,9,,Conditioning,,,,,Level 9,9,,498,,,
Lunge jumps,9,,Conditioning,,,,,Level 9,9,,499,,,
Kneeling Hamstring Stretch,9,,Flexibility,,,,,Level 9,9,,500,,,
Wrist Extensor Stretch,9,,Flexibility,,,,,Level 9,9,,501,,,
Side Stretch (Standing or Seated),9,,Flexibility,,,,,Level 9,9,,502,,,
Forward 2 Somersaults Pike,9,104B,Trampoline in Belt,"In belt, then out of belt, coach spot, diver spotting finish to soldier position",,,,Level 9,9,,503,,,
Inward 1 1/2 Somersaults Tuck,9,403C,Trampoline in Belt,In belt spotting X,,,,Level 9,9,,504,,,
Forward 1 Somersault 2 Twists Free,9,5124D,Trampoline in Belt,"In belt, then out of belt, coach spot, diver spotting finish to soldier position",,,,Level 9,9,,505,,,
Forward 1 1/2 Somersaults 1 Twist Free,9,5132D,Trampoline in Belt,In belt spotting X,,,,Level 9,9,,506,,,
Forward 2 1/2 Somersaults Tuck,9,105C,Trampoline in Belt,In belt spotting X,,,,Level 9,9,,507,,,
Reverse 1 1/2 Somersaults Pike,9,303B,Trampoline in Belt,In belt spotting X,,,,Level 9,9,,508,,,
Inward 1 1/2 Somersaults Pike,9,403B,Trampoline in Belt,In belt spotting X,,,,Level 9,9,,509,,,
Forward 2 Somersaults Pike,9,104B,Dryboard in Belt,"In belt, then out of belt, coach spot, diver spotting finish to soldier position",,,,Level 9,9,,510,,,
Inward 1 1/2 Somersaults Tuck,9,403C,Dryboard in Belt,In belt spotting X,,,,Level 9,9,,511,,,
Forward 1 Somersault 2 Twists Free,9,5124D,Dryboard in Belt,"In belt, then out of belt, coach spot, diver spotting finish to soldier position",,,,Level 9,9,,512,,,
Forward 1 1/2 Somersaults 1 Twist Free,9,5132D,Dryboard in Belt,In belt spotting X,,,,Level 9,9,,513,,,
Forward 2 1/2 Somersaults Tuck,9,105C,Dryboard in Belt,In belt spotting X,,,,Level 9,9,,514,,,
Reverse 1 1/2 Somersaults Pike,9,303B,Dryboard in Belt,In belt spotting X,,,,Level 9,9,,515,,,
Inward 1 1/2 Somersaults Pike,9,403B,Dryboard in Belt,In belt spotting X,,,,Level 9,9,,516,,,
Forward 2 Somersaults Pike,9,104B,1m Springboard,"Correct approach, takeoff, aerial and entry",,,,Level 9,9,,517,,,
Inward 1 1/2 Somersaults Tuck,9,403C,1m Springboard,"Correct back press, takeoff, aerial and entry",,,,Level 9,9,,518,,,
Forward 1 Somersault 2 Twists Free,9,5124D,1m Springboard,"Correct approach, takeoff, aerial and entry",,,,Level 9,9,,519,,,
Forward 1 1/2 Somersaults 1 Twist Free,9,5132D,1m Springboard,"Correct approach, takeoff, aerial and entry",,,,Level 9,9,,520,,,
Forward 2 1/2 Somersaults Tuck,9,105C,1m Springboard,"Correct approach, takeoff, aerial and entry",,,,Level 9,9,,521,,,
Reverse 1 1/2 Somersaults Pike,9,303B,1m Springboard,"Correct approach, takeoff, aerial and entry",,,,Level 9,9,,522,,,
Inward 1 1/2 Somersaults Pike,9,403B,1m Springboard,"Correct back press, takeoff, aerial and entry",,,,Level 9,9,,523,,,
Forward 1 1/2 Somersaults Pike,9,103B,3m Springboard,"Correct approach, takeoff, aerial and entry",,,,Level 9,9,,524,,,
Back 1 1/2 Somersaults Tuck,9,203C,3m Springboard,"Correct back press, takeoff, aerial and entry",,,,Level 9,9,,525,,,
Reverse Somersault Pike,9,302B,3m Springboard,"Correct approach, takeoff, aerial and entry",,,,Level 9,9,,526,,,
Inward 1 1/2 Somersaults Tuck,9,403C,3m Springboard,"Correct back press, takeoff, aerial and entry",,,,Level 9,9,,527,,,
Back 3/4 somersault half twist,10,,Basics,"Straight body, finish to flat back, from elevated mat, with spot",,,,Level 10,10,,528,,,
Drop-down punch somersault,10,,Basics,Drop from box and forward somersault to landing mat,,,,Level 10,10,,529,,,
3-part pike ups,10,,Conditioning,,,,,Level 10,10,,530,,,
Armstand pike-ups,10,,Conditioning,,,,,Level 10,10,,531,,,
Tuck ups,10,,Conditioning,,,,,Level 10,10,,532,,,
Handstand push-ups (wall),10,,Conditioning,,,,,Level 10,10,,533,,,
Rope climb,10,,Conditioning,,,,,Level 10,10,,534,,,
Squat jump with vest,10,,Conditioning,,,,,Level 10,10,,535,,,
Depth jumps,10,,Conditioning,,,,,Level 10,10,,536,,,
Plyometrics with weighted vest,10,,Conditioning,,,,,Level 10,10,,537,,,
Pigeon Pose,10,,Flexibility,,,,,Level 10,10,,538,,,
Wrist Flexor Stretch,10,,Flexibility,,,,,Level 10,10,,539,,,
Plank with Reach,10,,Flexibility,,,,,Level 10,10,,540,,,
Forward 2 1/2 Somersaults Tuck,10,105C,Trampoline in Belt,"In belt, to handstand",,,,Level 10,10,,541,,,
Reverse 1 1/2 Somersaults Tuck,10,303C,Trampoline in Belt,"In belt, to handstand",,,,Level 10,10,,542,,,
Inward 1 1/2 Somersaults Pike,10,403B,Trampoline in Belt,"In belt, to handstand",,,,Level 10,10,,543,,,
Back 1 1/2 Somersaults Pike,10,203B,Trampoline in Belt,"In belt, to handstand",,,,Level 10,10,,544,,,
Back 1 1/2 Somersaults 1 1/2 Twists Free,10,5233D,Trampoline in Belt,"In belt, to handstand",,,,Level 10,10,,545,,,
Forward 2 1/2 Somersaults Pike,10,105B,Trampoline in Belt,"In belt, to handstand",,,,Level 10,10,,546,,,
Reverse 2 1/2 Somersaults Tuck,10,305C,Trampoline in Belt,"In belt, to handstand",,,,Level 10,10,,547,,,
Inward 2 1/2 Somersaults Tuck,10,405C,Trampoline in Belt,"In belt, to handstand",,,,Level 10,10,,548,,,
Forward 1 1/2 Somersaults 2 Twists Free,10,5134D,Trampoline in Belt,"In belt, to handstand",,,,Level 10,10,,549,,,
Reverse 1 1/2 Somersaults 1 1/2 Twists Free,10,5333D,Trampoline in Belt,"In belt, to handstand",,,,Level 10,10,,550,,,
Forward 2 1/2 Somersaults Tuck,10,105C,Dryboard in Belt,"In belt, to handstand",,,,Level 10,10,,551,,,
Reverse 1 1/2 Somersaults Tuck,10,303C,Dryboard in Belt,"In belt, to handstand",,,,Level 10,10,,552,,,
Inward 1 1/2 Somersaults Pike,10,403B,Dryboard in Belt,"In belt, to handstand",,,,Level 10,10,,553,,,
Back 1 1/2 Somersaults Pike,10,203B,Dryboard in Belt,"In belt, to handstand",,,,Level 10,10,,554,,,
Back 1 1/2 Somersaults 1 1/2 Twists Free,10,5233D,Dryboard in Belt,"In belt, to handstand",,,,Level 10,10,,555,,,
Forward 2 1/2 Somersaults Pike,10,105B,Dryboard in Belt,"In belt, to handstand",,,,Level 10,10,,556,,,
Reverse 2 1/2 Somersaults Tuck,10,305C,Dryboard in Belt,"In belt, to handstand",,,,Level 10,10,,557,,,
Inward 2 1/2 Somersaults Tuck,10,405C,Dryboard in Belt,"In belt, to handstand",,,,Level 10,10,,558,,,
Forward 1 1/2 Somersaults 2 Twists Free,10,5134D,Dryboard in Belt,"In belt, to handstand",,,,Level 10,10,,559,,,
Reverse 1 1/2 Somersaults 1 1/2 Twists Free,10,5333D,Dryboard in Belt,"In belt, to handstand",,,,Level 10,10,,560,,,
Forward 2 1/2 Somersaults Tuck,10,105C,1m Springboard,"Correct approach, takeoff, aerial and entry",,,,Level 10,10,,561,,,
Reverse 1 1/2 Somersaults Tuck,10,303C,1m Springboard,"Correct approach, takeoff, aerial and entry",,,,Level 10,10,,562,,,
Inward 1 1/2 Somersaults Pike,10,403B,1m Springboard,"Correct back press, takeoff, aerial and entry",,,,Level 10,10,,563,,,
Back 1 1/2 Somersaults Pike,10,203B,1m Springboard,"Correct back press, takeoff, aerial and entry",,,,Level 10,10,,564,,,
Back 1 1/2 Somersaults 1 1/2 Twists Free,10,5233D,1m Springboard,"Correct back press, takeoff, aerial and entry",,,,Level 10,10,,565,,,
Forward 2 1/2 Somersaults Pike,10,105B,1m Springboard,"Correct approach, takeoff, aerial and entry",,,,Level 10,10,,566,,,
Reverse 2 1/2 Somersaults Tuck,10,305C,1m Springboard,"Correct approach, takeoff, aerial and entry",,,,Level 10,10,,567,,,
Inward 2 1/2 Somersaults Tuck,10,405C,1m Springboard,"Correct back press, takeoff, aerial and entry",,,,Level 10,10,,568,,,
Forward 1 1/2 Somersaults 2 Twists Free,10,5134D,1m Springboard,"Correct approach, takeoff, aerial and entry",,,,Level 10,10,,569,,,
Reverse 1 1/2 Somersaults 1 1/2 Twists Free,10,5333D,1m Springboard,"Correct approach, takeoff, aerial and entry",,,,Level 10,10,,570,,,
Forward 2 1/2 Somersaults Tuck,10,105B,3m Springboard,"Correct approach, takeoff, aerial and entry",,,,Level 10,10,,571,,,
Back 1 1/2 Somersaults Pike,10,203B,3m Springboard,"Correct back press, takeoff, aerial and entry",,,,Level 10,10,,572,,,
Reverse 1 1/2 Somersaults Tuck,10,303C,3m Springboard,"Correct approach, takeoff, aerial and entry",,,,Level 10,10,,573,,,
Forward 1 1/2 Somersaults 1 Twist Free,10,5132D,3m Springboard,"Correct approach, takeoff, aerial and entry",,,,Level 10,10,,574,,,
Inward 2 Somersaults Tuck,10,404C,3m Springboard,"Correct back press, takeoff, aerial and entry",,,,Level 10,10,,575,,,
Forward Somersault,11,102C,Basics,To elevated mat,,,,Level 11,11,,576,,,
Back Somersault,11,202C,Basics,To elevated mat,,,,Level 11,11,,577,,,
Reverse Somersault,11,302C,Basics,To elevated mat,,,,Level 11,11,,578,,,
Inward Somersault,11,402C,Basics,To elevated mat,,,,Level 11,11,,579,,,
Hanging pike ups,11,,Conditioning,,,,,Level 11,11,,580,,,
Evil wheel,11,,Conditioning,,,,,Level 11,11,,581,,,
Superman swims,11,,Conditioning,,,,,Level 11,11,,582,,,
Fingertip push-ups,11,,Conditioning,,,,,Level 11,11,,583,,,
Armstand push-up,11,,Conditioning,,,,,Level 11,11,,584,,,
Single leg broad jumps,11,,Conditioning,,,,,Level 11,11,,585,,,
Board push downs,11,,Conditioning,,,,,Level 11,11,,586,,,
Leg curls,11,,Conditioning,,,,,Level 11,11,,587,,,
Figure-Four Stretch,11,,Flexibility,,,,,Level 11,11,,588,,,
Reverse Tabletop Stretch,11,,Flexibility,,,,,Level 11,11,,589,,,
Sphinx Stretch,11,,Flexibility,,,,,Level 11,11,,590,,,
Inward 2 Somersaults Tuck,11,404C,Trampoline in Belt,"In belt, visual spots, finish to soldier position",,,,Level 11,11,,591,,,
Reverse 1 1/2 Somersaults Pike,11,303B,Trampoline in Belt,"In belt, visual spots, finish to handstand",,,,Level 11,11,,592,,,
Forward 1 1/2 Somersaults 2 Twist Free,11,5134D,Trampoline in Belt,"In belt, visual spots, finish to handstand",,,,Level 11,11,,593,,,
Back 1 1/2 Somersaults 1 1/2 Twists Free,11,5233D,Trampoline in Belt,"In belt, visual spots, finish to handstand",,,,Level 11,11,,594,,,
Forward 2 1/2 Somersaults Pike,11,105B,Trampoline in Belt,"In belt, visual spots, finish to handstand",,,,Level 11,11,,595,,,
Reverse 1 1/2 Somersaults 1 1/2 Twists Free,11,5333D,Trampoline in Belt,"In belt, visual spots, finish to handstand",,,,Level 11,11,,596,,,
Inward 2 Somersaults Tuck,11,404C,Dryboard in Belt,"In belt, visual spots, finish to soldier position",,,,Level 11,11,,597,,,
Reverse 1 1/2 Somersaults Pike,11,303B,Dryboard in Belt,"In belt, visual spots, finish to handstand",,,,Level 11,11,,598,,,
Forward 1 1/2 Somersaults 2 Twist Free,11,5134D,Dryboard in Belt,"In belt, visual spots, finish to handstand",,,,Level 11,11,,599,,,
Back 1 1/2 Somersaults 1 1/2 Twists Free,11,5233D,Dryboard in Belt,"In belt, visual spots, finish to handstand",,,,Level 11,11,,600,,,
Forward 2 1/2 Somersaults Pike,11,105B,Dryboard in Belt,"In belt, visual spots, finish to handstand",,,,Level 11,11,,601,,,
Reverse 1 1/2 Somersaults 1 1/2 Twists Free,11,5333D,Dryboard in Belt,"In belt, visual spots, finish to handstand",,,,Level 11,11,,602,,,
Inward 2 Somersaults Tuck,11,404C,3m Springboard,"Correct back press, takeoff, aerial and entry",,,,Level 11,11,,603,,,
Reverse 1 1/2 Somersaults Pike,11,303B,3m Springboard,"Correct approach, takeoff, aerial and entry",,,,Level 11,11,,604,,,
Forward 1 1/2 Somersaults 2 Twist Free,11,5134D,3m Springboard,"Correct approach, takeoff, aerial and entry",,,,Level 11,11,,605,,,
Back 1 1/2 Somersaults 1 1/2 Twists Free,11,5233D,3m Springboard,"Correct back press, takeoff, aerial and entry",,,,Level 11,11,,606,,,
Forward 2 1/2 Somersaults Pike,11,105B,3m Springboard,"Correct approach, takeoff, aerial and entry",,,,Level 11,11,,607,,,
Reverse 1 1/2 Somersaults 1 1/2 Twists Free,11,5333D,3m Springboard,"Correct approach, takeoff, aerial and entry",,,,Level 11,11,,608,,,
Forward Somersault,12,102C,Basics,With weight vest,,,,Level 12,12,,609,,,
Back Somersault,12,202C,Basics,With weight vest,,,,Level 12,12,,610,,,
Reverse Somersault,12,302C,Basics,With weight vest,,,,Level 12,12,,611,,,
Inward Somersault,12,402C,Basics,With weight vest,,,,Level 12,12,,612,,,
Hanging pike ups,12,,Conditioning,,,,,Level 12,12,,613,,,
L sit holds,12,,Conditioning,,,,,Level 12,12,,614,,,
Barrel rolls,12,,Conditioning,,,,,Level 12,12,,615,,,
Wall walks,12,,Conditioning,,,,,Level 12,12,,616,,,
Wrist extension,12,,Conditioning,,,,,Level 12,12,,617,,,
Heavy squat,12,,Conditioning,,,,,Level 12,12,,618,,,
Depth jumps,12,,Conditioning,,,,,Level 12,12,,619,,,
Pistol squats (weighted),12,,Conditioning,,,,,Level 12,12,,620,,,
Middle Split,12,,Flexibility,,,,,Level 12,12,,621,,,
Wrist circles,12,,Flexibility,,,,,Level 12,12,,622,,,
Pelvic Tilt,12,,Flexibility,,,,,Level 12,12,,623,,,
Forward 2 1/2 Somersaults Pike,12,105B,Trampoline in Belt,"In belt, visual spots, finish to handstand",,,,Level 12,12,,624,,,
Back 2 1/2 SomersaultsTuck,12,205C,Trampoline in Belt,"In belt, visual spots, finish to handstand",,,,Level 12,12,,625,,,
Reverse 2 1/2 Somersaults Tuck,12,305C,Trampoline in Belt,"In belt, visual spots, finish to handstand",,,,Level 12,12,,626,,,
Inward 2 1/2 Somersaults Tuck,12,405C,Trampoline in Belt,"In belt, visual spots, finish to handstand",,,,Level 12,12,,627,,,
Back 1 1/2 Somersaults 2 1/2 Twists Free,12,5235D,Trampoline in Belt,"In belt, visual spots, finish to handstand",,,,Level 12,12,,628,,,
Forward 3 1/2 Somersaults Tuck,12,107C,Trampoline in Belt,"In belt, visual spots, finish to handstand",,,,Level 12,12,,629,,,
Reverse 1 1/2 Somersaults 2 1/2 Twists Free,12,5335D,Trampoline in Belt,"In belt, visual spots, finish to handstand",,,,Level 12,12,,630,,,
Forward 2 1/2 Somersaults Pike,12,105B,Dryboard in Belt,"In belt, visual spots, finish to handstand",,,,Level 12,12,,631,,,
Back 2 1/2 SomersaultsTuck,12,205C,Dryboard in Belt,"In belt, visual spots, finish to handstand",,,,Level 12,12,,632,,,
Reverse 2 1/2 Somersaults Tuck,12,305C,Dryboard in Belt,"In belt, visual spots, finish to handstand",,,,Level 12,12,,633,,,
Inward 2 1/2 Somersaults Tuck,12,405C,Dryboard in Belt,"In belt, visual spots, finish to handstand",,,,Level 12,12,,634,,,
Back 1 1/2 Somersaults 2 1/2 Twists Free,12,5235D,Dryboard in Belt,"In belt, visual spots, finish to handstand",,,,Level 12,12,,635,,,
Forward 3 1/2 Somersaults Tuck,12,107C,Dryboard in Belt,"In belt, visual spots, finish to handstand",,,,Level 12,12,,636,,,
Reverse 1 1/2 Somersaults 2 1/2 Twists Free,12,5335D,Dryboard in Belt,"In belt, visual spots, finish to handstand",,,,Level 12,12,,637,,,
Forward 2 1/2 Somersaults Pike,12,105B,3m Springboard,"Correct approach, takeoff, aerial and entry",,,,Level 12,12,,638,,,
Back 2 1/2 SomersaultsTuck,12,205C,3m Springboard,"Correct back press, takeoff, aerial and entry",,,,Level 12,12,,639,,,
Reverse 2 1/2 Somersaults Tuck,12,305C,3m Springboard,"Correct approach, takeoff, aerial and entry",,,,Level 12,12,,640,,,
Inward 2 1/2 Somersaults Tuck,12,405C,3m Springboard,"Correct back press, takeoff, aerial and entry",,,,Level 12,12,,641,,,
Back 1 1/2 Somersaults 2 1/2 Twists Free,12,5235D,3m Springboard,"Correct back press, takeoff, aerial and entry",,,,Level 12,12,,642,,,
Forward 3 1/2 Somersaults Tuck,12,107C,3m Springboard,"Correct approach, takeoff, aerial and entry",,,,Level 12,12,,643,,,
Reverse 1 1/2 Somersaults 2 1/2 Twists Free,12,5335D,3m Springboard,"Correct approach, takeoff, aerial and entry",,,,Level 12,12,,644,,,
